{
  "minecraft:adventure/root": {
    "criteria": {
      "killed_something": "2022-01-25 14:19:27 +0300"
    },
    "done": true
  },
  "minecraft:recipes/building_blocks/coal_block": {
    "criteria": {
      "has_at_least_9_coal": "2022-01-25 14:19:20 +0300"
    },
    "done": true
  },
  "minecraft:adventure/kill_a_mob": {
    "criteria": {
      "zombie": "2022-01-25 14:19:27 +0300"
    },
    "done": true
  },
  "minecraft:adventure/kill_all_mobs": {
    "criteria": {
      "zombie": "2022-01-25 14:19:27 +0300"
    },
    "done": false
  },
  "minecraft:adventure/adventuring_time": {
    "criteria": {
      "desert": "2022-01-25 14:19:20 +0300"
    },
    "done": false
  }
}