{
  "minecraft:recipes/misc/bone_meal_from_bone": {
    "criteria": {
      "has_bone": "2022-02-24 21:18:40 +0300"
    },
    "done": true
  },
  "minecraft:husbandry/root": {
    "criteria": {
      "consumed_item": "2022-02-24 21:32:24 +0300"
    },
    "done": true
  },
  "minecraft:recipes/decorations/chest": {
    "criteria": {
      "has_lots_of_items": "2022-02-24 21:36:13 +0300"
    },
    "done": true
  },
  "minecraft:adventure/root": {
    "criteria": {
      "killed_something": "2022-02-24 21:21:35 +0300"
    },
    "done": true
  },
  "minecraft:adventure/kill_a_mob": {
    "criteria": {
      "husk": "2022-02-24 21:33:48 +0300"
    },
    "done": true
  },
  "minecraft:adventure/kill_all_mobs": {
    "criteria": {
      "husk": "2022-02-24 21:33:48 +0300",
      "zombie": "2022-02-24 21:43:25 +0300"
    },
    "done": false
  },
  "minecraft:adventure/adventuring_time": {
    "criteria": {
      "desert": "2022-02-24 21:18:40 +0300"
    },
    "done": false
  }
}