{
  "minecraft:adventure/root": {
    "criteria": {
      "killed_something": "2022-02-21 17:43:33 +0300"
    },
    "done": true
  },
  "minecraft:adventure/kill_a_mob": {
    "criteria": {
      "husk": "2022-02-21 17:43:33 +0300"
    },
    "done": true
  },
  "minecraft:adventure/kill_all_mobs": {
    "criteria": {
      "husk": "2022-02-21 17:43:33 +0300"
    },
    "done": false
  },
  "minecraft:adventure/adventuring_time": {
    "criteria": {
      "desert": "2022-02-21 17:43:13 +0300"
    },
    "done": false
  }
}