{"stat.pickup.minecraft.rotten_flesh":19,"stat.useItem.dm.kagune_shard":1,"stat.killEntity.Skeleton":13,"stat.walkOneCm":430151,"stat.pickup.minecraft.bone":32,"stat.pickup.dm.human_eye":12,"stat.pickup.dm.ghoul_meat":34,"stat.pickup.minecraft.arrow":12,"stat.killEntity.Spider":10,"stat.damageTaken":178,"stat.killEntity.Husk":20,"stat.mobKills":103,"stat.killEntity.Creeper":10,"stat.pickup.minecraft.string":8,"stat.flyOneCm":23980,"stat.jump":30,"stat.playOneMinute":20142,"stat.pickup.dm.kakuho_rinkaku":1,"stat.pickup.minecraft.iron_ingot":1,"stat.killEntity.human":47,"stat.sneakTime":68,"stat.pickup.minecraft.gunpowder":3,"stat.damageDealt":60,"stat.crouchOneCm":321,"stat.killEntity.Zombie":3,"stat.timeSinceDeath":20142,"stat.pickup.minecraft.spider_eye":2,"stat.pickup.dm.kagune_shard":209,"stat.pickup.dm.kakuho_bikaku":1,"stat.sprintOneCm":135419,"stat.useItem.dm.kakuho_rinkaku":1,"stat.pickup.minecraft.bow":1,"stat.pickup.dm.kakuho_koukaku":1}