{"stat.pickup.minecraft.rotten_flesh":6,"stat.pickup.minecraft.string":3,"stat.flyOneCm":81042,"stat.killEntity.Skeleton":6,"stat.walkOneCm":283423,"stat.pickup.minecraft.bone":4,"stat.jump":74,"stat.playOneMinute":21933,"stat.killEntity.human":77,"stat.pickup.minecraft.arrow":7,"stat.killEntity.Spider":8,"stat.pickup.minecraft.gunpowder":8,"stat.killEntity.Husk":10,"stat.timeSinceDeath":21933,"stat.pickup.minecraft.spider_eye":2,"stat.pickup.dm.kagune_shard":232,"stat.killEntity.Enderman":1,"stat.pickup.minecraft.ender_pearl":1,"stat.mobKills":108,"stat.sprintOneCm":191851,"stat.useItem.dm.kakuho_rinkaku":32,"stat.killEntity.Creeper":6}