{
  "minecraft:recipes/misc/coal": {
    "criteria": {
      "has_the_recipe": "2022-01-25 12:36:55 +0300"
    },
    "done": true
  },
  "minecraft:adventure/root": {
    "criteria": {
      "killed_something": "2022-01-25 12:35:43 +0300"
    },
    "done": true
  },
  "minecraft:recipes/building_blocks/coal_block": {
    "criteria": {
      "has_at_least_9_coal": "2022-01-25 12:36:55 +0300"
    },
    "done": true
  },
  "minecraft:adventure/adventuring_time": {
    "criteria": {
      "desert": "2022-01-25 12:35:35 +0300"
    },
    "done": false
  }
}