{
  "minecraft:recipes/tools/fishing_rod": {
    "criteria": {
      "has_string": "2022-01-25 15:15:18 +0300"
    },
    "done": true
  },
  "minecraft:recipes/combat/bow": {
    "criteria": {
      "has_string": "2022-01-25 15:15:18 +0300"
    },
    "done": true
  },
  "minecraft:recipes/building_blocks/string_to_wool": {
    "criteria": {
      "has_string": "2022-01-25 15:15:18 +0300"
    },
    "done": true
  },
  "minecraft:adventure/root": {
    "criteria": {
      "killed_something": "2022-01-25 15:15:44 +0300"
    },
    "done": true
  },
  "minecraft:recipes/building_blocks/coal_block": {
    "criteria": {
      "has_at_least_9_coal": "2022-01-25 15:15:18 +0300"
    },
    "done": true
  },
  "minecraft:recipes/redstone/tripwire_hook": {
    "criteria": {
      "has_string": "2022-01-25 15:15:18 +0300"
    },
    "done": true
  },
  "minecraft:adventure/adventuring_time": {
    "criteria": {
      "desert": "2022-01-25 15:15:18 +0300"
    },
    "done": false
  }
}