{
  "minecraft:recipes/tools/fishing_rod": {
    "criteria": {
      "has_string": "2022-01-25 14:47:28 +0300"
    },
    "done": true
  },
  "minecraft:recipes/combat/bow": {
    "criteria": {
      "has_string": "2022-01-25 14:47:28 +0300"
    },
    "done": true
  },
  "minecraft:recipes/building_blocks/string_to_wool": {
    "criteria": {
      "has_string": "2022-01-25 14:47:28 +0300"
    },
    "done": true
  },
  "minecraft:recipes/decorations/chest": {
    "criteria": {
      "has_lots_of_items": "2022-01-25 14:47:39 +0300"
    },
    "done": true
  },
  "minecraft:recipes/building_blocks/coal_block": {
    "criteria": {
      "has_at_least_9_coal": "2022-01-25 14:47:28 +0300"
    },
    "done": true
  },
  "minecraft:recipes/redstone/tripwire_hook": {
    "criteria": {
      "has_string": "2022-01-25 14:47:28 +0300"
    },
    "done": true
  },
  "minecraft:adventure/adventuring_time": {
    "criteria": {
      "desert": "2022-01-25 14:47:28 +0300"
    },
    "done": false
  }
}