{"stat.pickup.minecraft.rotten_flesh":16,"stat.killEntity.Skeleton":20,"stat.walkOneCm":284517,"stat.pickup.minecraft.bone":16,"stat.pickup.minecraft.stick":2,"stat.useItem.dm.human_meat":5,"stat.pickup.minecraft.arrow":13,"stat.killEntity.Spider":17,"stat.damageTaken":175,"stat.killEntity.Husk":17,"stat.killEntity.Enderman":2,"stat.mobKills":90,"stat.killEntity.Creeper":12,"stat.useItem.minecraft.rotten_flesh":28,"stat.pickup.minecraft.string":17,"stat.flyOneCm":45491,"stat.jump":76,"stat.swimOneCm":424,"stat.playOneMinute":29124,"stat.killEntity.Witch":1,"stat.pickup.minecraft.iron_ingot":1,"stat.killEntity.human":16,"stat.pickup.minecraft.glowstone_dust":1,"stat.pickup.minecraft.carrot":1,"stat.sneakTime":441,"stat.pickup.minecraft.gunpowder":9,"stat.crouchOneCm":1812,"stat.killEntity.Zombie":5,"stat.timeSinceDeath":29124,"stat.pickup.minecraft.spider_eye":5,"stat.pickup.minecraft.ender_pearl":1,"stat.sprintOneCm":265995,"stat.pickup.minecraft.bow":2,"stat.pickup.dm.grandpa_hat":1,"stat.diveOneCm":962,"stat.useItem.minecraft.water_bucket":1,"stat.useItem.minecraft.sandstone":3}