{"stat.pickup.minecraft.rotten_flesh":9,"stat.pickup.minecraft.string":2,"stat.flyOneCm":3384,"stat.killEntity.Skeleton":2,"stat.pickup.minecraft.glass_bottle":3,"stat.walkOneCm":56424,"stat.jump":7,"stat.playOneMinute":5636,"stat.killEntity.Witch":1,"stat.killEntity.human":1,"stat.pickup.minecraft.glowstone_dust":1,"stat.useItem.dm.human_meat":3,"stat.pickup.minecraft.arrow":1,"stat.killEntity.Spider":4,"stat.damageTaken":214,"stat.pickup.minecraft.gunpowder":1,"stat.killEntity.Husk":13,"stat.killEntity.Zombie":1,"stat.timeSinceDeath":5636,"stat.mobKills":27,"stat.sprintOneCm":12426,"stat.killEntity.Creeper":5}