{"stat.pickup.minecraft.rotten_flesh":1,"stat.pickup.dm.human_meat":4,"stat.useItem.minecraft.rotten_flesh":2,"stat.flyOneCm":2233,"stat.walkOneCm":18419,"stat.pickup.minecraft.bone":4,"stat.jump":18,"stat.swimOneCm":65,"stat.pickup.dm.human_eye":2,"stat.playOneMinute":3988,"stat.killEntity.Witch":1,"stat.killEntity.human":1,"stat.useItem.dm.human_meat":5,"stat.pickup.minecraft.arrow":2,"stat.damageTaken":288,"stat.pickup.minecraft.gunpowder":2,"stat.killEntity.Husk":2,"stat.pickup.minecraft.redstone":2,"stat.timeSinceDeath":3988,"stat.sprintOneCm":16235,"stat.mobKills":4,"stat.diveOneCm":3526,"stat.useItem.minecraft.water_bucket":2}