{"stat.pickup.minecraft.rotten_flesh":1,"stat.pickup.dm.kakuho_ukaku":1,"stat.killEntity.Skeleton":6,"stat.walkOneCm":220236,"stat.pickup.dm.human_eye":35,"stat.pickup.dm.ghoul_meat":15,"stat.pickup.minecraft.arrow":2,"stat.killEntity.Spider":7,"stat.useItem.dm.kakuho_koukaku":1,"stat.killEntity.Husk":6,"stat.killEntity.Human":7,"stat.mobKills":46,"stat.killEntity.Creeper":10,"stat.pickup.dm.human_meat":34,"stat.pickup.minecraft.string":5,"stat.flyOneCm":3357,"stat.jump":13,"stat.playOneMinute":13010,"stat.pickup.dm.kakuho_rinkaku":1,"stat.sneakTime":6,"stat.pickup.minecraft.gunpowder":10,"stat.damageDealt":285,"stat.crouchOneCm":27,"stat.timeSinceDeath":13010,"stat.pickup.minecraft.spider_eye":3,"stat.pickup.dm.kagune_shard":13,"stat.sprintOneCm":4833,"stat.useItem.dm.kakuho_rinkaku":1,"stat.pickup.dm.kakuho_koukaku":1,"stat.useItem.dm.kakuho_ukaku":1}